"date","death","deathIncrease","inIcuCumulative","inIcuCurrently","hospitalizedIncrease","hospitalizedCurrently","hospitalizedCumulative","negative","negativeIncrease","onVentilatorCumulative","onVentilatorCurrently","positive","positiveIncrease","recovered","states","totalTestResults","totalTestResultsIncrease"
"2020-12-11",287058,2749,33237,21010,5444,108108,608998,168637806,1449905,3424,7489,15592946,232105,6135314,56,215110717,2094901
"2020-12-10",284309,3115,32919,21023,4335,107276,603554,167187901,1339749,3394,7442,15360841,215669,5985047,56,213015816,1954686
"2020-12-09",281194,3170,32720,20906,5424,106705,599219,165848152,1276606,3376,7624,15145172,211020,5891885,56,211061130,1822067
"2020-12-08",278024,2697,32406,20483,4309,104623,593795,164571546,1192820,3359,7245,14934152,215335,5788509,56,209239063,1628432
"2020-12-07",275327,1297,32120,20098,3614,102148,589486,163378726,1386381,3328,7073,14718817,180219,5714557,56,207610631,1772911
"2020-12-06",274030,1145,31946,20145,2311,101501,585872,161992345,1175503,3322,7095,14538598,177812,5624609,56,205837720,1660728
"2020-12-05",272885,2480,31831,19947,3457,101192,583561,160816842,1530133,3321,7006,14360786,212940,5576152,56,204176992,2231784
"2020-12-04",270405,2573,31608,19858,4652,101276,580104,159286709,1260657,3305,6999,14147846,224878,5470389,56,201945208,1880479
"2020-12-03",267832,2825,31276,19723,5331,100755,575452,158026052,1238465,3280,6867,13922968,210251,5404018,56,200064729,1862081
"2020-12-02",265007,2804,31038,19680,5028,100322,570121,156787587,982032,3252,6855,13712717,195867,5322128,56,198202648,1496688
"2020-12-01",262203,2506,30749,19295,5222,98777,565093,155805555,1941714,3223,6649,13516850,176816,5226581,56,196705960,1444608
"2020-11-30",259697,1035,30469,18801,3394,96149,559871,153863841,1219808,3205,6520,13340034,147588,5146643,56,195261352,1619461
"2020-11-29",258662,823,30274,18437,2429,93357,556477,152644033,883148,3184,6245,13192446,135244,5065148,56,193641891,1298270
"2020-11-28",257839,1251,30109,18249,3404,91762,554048,151760885,1276935,3179,6148,13057202,154614,5024447,56,192343621,1739550
"2020-11-27",256588,1392,29858,18061,3499,89950,550644,150483950,1504431,3171,6030,12902588,193686,4947446,56,190604071,2131470
"2020-11-26",255196,1387,29673,18019,2247,90564,547145,148979519,850418,3153,5986,12708902,126378,4871312,56,188472601,1218302
"2020-11-25",253809,2280,29540,17740,4568,90041,544898,148129101,1160187,3147,5990,12582524,183736,4835956,56,187254299,1772851
"2020-11-24",251529,2106,29245,17314,4591,88174,540330,146968914,1353678,3123,5630,12398788,167076,4696996,56,185481448,1850973
"2020-11-23",249423,858,28990,17080,2985,85979,535739,145615236,1347659,3106,5458,12231712,150956,4633600,56,183630475,1770734
"2020-11-22",248565,917,28828,16411,2291,83882,532754,144267577,1254291,3094,5233,12080756,150878,4526635,56,181859741,1759793
"2020-11-21",247648,1554,28693,16264,3340,83346,530463,143013286,1429877,3087,5103,11929878,179763,4529788,56,180099948,2046159
"2020-11-20",246094,1894,28472,16138,3891,82279,527123,141583409,1389889,3078,5055,11750115,192830,4457930,56,178053789,1957210
"2020-11-19",244200,2020,28216,15763,4420,80682,523232,140193520,1286682,3052,4859,11557285,182903,4410709,56,176096579,1865051
"2020-11-18",242180,1882,27989,15558,4384,79517,518812,138906838,1074535,3024,4701,11374382,164050,4348089,56,174231528,1582822
"2020-11-17",240298,1562,27681,15018,3812,77079,514428,137832303,1092466,3004,4379,11210332,156779,4292094,56,172648706,1547618
"2020-11-16",238736,609,27437,14494,3033,73377,510616,136739837,1103588,2988,4166,11053553,148868,4242683,56,171101088,1498258
"2020-11-15",238127,708,27269,13849,1868,70202,507583,135636249,1162588,2975,3939,10904685,144468,4183378,56,169602830,1632584
"2020-11-14",237419,1352,27172,13491,3424,69588,505715,134473661,1174745,2972,3945,10760217,163597,4146419,56,167970246,1689149
"2020-11-13",236067,1304,26997,13279,3686,68599,502291,133298916,1237358,2967,3769,10596620,172177,4093148,56,166281097,1730806
"2020-11-12",234763,1111,26803,12911,3551,67233,498605,132061558,970746,2954,3622,10424443,152047,4049143,56,164550291,1497859
"2020-11-11",233652,1579,26584,12625,3275,65557,495054,131090812,1019608,2947,3367,10272396,144882,3995023,56,163052432,1457216
"2020-11-10",232073,1357,26335,12071,4033,62138,491779,130071204,941989,2922,3201,10127514,131250,3959700,56,161595216,1279671
"2020-11-09",230716,580,26087,11638,2261,59394,487746,129129215,1222538,2907,3110,9996264,119434,3926618,56,160315545,1526713
"2020-11-08",230136,501,25819,11223,1467,56942,485485,127906677,921930,2900,2977,9876830,110306,3879255,56,158788832,1266926
"2020-11-07",229635,1132,25721,11215,2297,56037,484018,126984747,984190,2898,2947,9766524,129266,3849345,56,157521906,1438200
"2020-11-06",228503,1186,25498,11213,3143,54949,481721,126000557,1134534,2885,2850,9637258,125798,3808730,56,156083706,1593285
"2020-11-05",227317,1155,25276,11046,2541,53465,478578,124866023,1183658,2872,2877,9511460,116479,3779523,56,154490421,1596467
"2020-11-04",226162,1126,25041,10892,3114,52166,476037,123682365,869801,2853,2832,9394981,103363,3741442,56,152893954,1257102
"2020-11-03",225036,1525,24796,10530,3115,50512,472923,122812564,840052,2833,2733,9291618,86715,3702925,56,151636852,1159145
"2020-11-02",223511,474,24560,9970,1446,48773,469808,121972512,1070761,2809,2637,9204903,82042,3672742,56,150477707,1336795
"2020-11-01",223037,398,24457,9665,1166,47615,468362,120901751,814184,2797,2553,9122861,73872,3631622,56,149140912,1135555
"2020-10-31",222639,970,24375,9613,2082,47486,467196,120087567,1044004,2786,2502,9048989,90613,3610296,56,148005357,1422244
"2020-10-30",221669,947,24230,9549,2401,46856,465114,119043563,975456,2776,2477,8958376,97263,3576201,56,146583113,1388573
"2020-10-29",220722,1055,24082,9320,2334,46220,462713,118068107,1009397,2760,2403,8861113,88728,3552166,56,145194540,1354648
"2020-10-28",219667,1045,23883,9134,2464,45205,460379,117058710,802924,2744,2347,8772385,78793,3515953,56,143839892,1128640
"2020-10-27",218622,929,23701,8997,2253,44392,457915,116255786,807350,2719,2287,8693592,72097,3485474,56,142711252,1097470
"2020-10-26",217693,399,23542,8942,1754,43005,455662,115448436,983843,2703,2301,8621495,62535,3458204,56,141613782,1215005
"2020-10-25",217294,387,23420,8590,1076,41883,453908,114464593,900533,2693,2176,8558960,64897,3420713,56,140398777,1197113
"2020-10-24",216907,897,23356,8675,1793,42087,452832,113564060,961392,2691,2230,8494063,83319,3404503,56,139201664,1341535
"2020-10-23",216010,941,23221,8340,15071,41617,451039,112602668,1042591,2679,2180,8410744,82342,3373284,56,137860129,1404686
"2020-10-22",215069,1126,23018,8178,2496,41125,435968,111560077,917807,2641,2147,8328402,73003,3350982,56,136455443,1255490
"2020-10-21",213943,1025,22855,8291,2131,40397,433472,110642270,690570,2622,2090,8255399,60980,3321258,56,135199953,965947
"2020-10-20",212918,830,22662,8213,2265,39406,431341,109951700,756578,2593,2045,8194419,60569,3293315,56,134234006,978137
"2020-10-19",212088,451,22475,8069,1666,37954,429076,109195122,1024097,2577,1800,8133850,57108,3270429,56,133255869,1142014
"2020-10-18",211637,402,22391,7383,813,36536,427410,108171025,765614,2557,1762,8076742,48280,3231947,56,132113855,1058711
"2020-10-17",211235,777,22320,7466,1528,37474,426597,107405411,965151,2553,1791,8028462,57355,3218561,56,131055144,1313446
"2020-10-16",210458,894,22202,7328,1864,37470,425069,106440260,970366,2547,1739,7971107,68265,3195422,56,129741698,1252025
"2020-10-15",209564,928,22051,7302,1999,37420,423205,105469894,851903,2531,1769,7902842,63384,3175500,56,128489673,1131020
"2020-10-14",208636,798,21889,7239,2455,37176,421206,104617991,621162,2516,1776,7839458,56078,3153746,56,127358653,1060101
"2020-10-13",207838,724,21735,7096,2008,36161,418751,103996829,858966,2485,1755,7783380,48576,3122531,56,126298552,1074766
"2020-10-12",207114,285,21625,6866,1169,35156,416743,103137863,882966,2464,1666,7734804,42645,3104644,56,125223786,1062196
"2020-10-11",206829,469,21553,6749,981,34609,415574,102254897,802045,2454,1646,7692159,46268,3072920,56,124161590,1082128
"2020-10-10",206360,690,21512,6752,1472,34700,414593,101452852,961538,2451,1667,7645891,57424,3061045,56,123079462,1265260
"2020-10-09",205670,905,21389,6785,1727,34989,413121,100491314,948103,2437,1655,7588467,56790,3037145,56,121814202,1219105
"2020-10-08",204765,988,21217,6694,2131,34446,411394,99543211,884499,2427,1638,7531677,55204,3019299,56,120595097,1173237
"2020-10-07",203777,922,21112,6575,2140,33584,409263,98658712,731540,2410,1646,7476473,50588,2997942,56,119421860,999154
"2020-10-06",202855,622,20973,6502,-768,32720,407123,97927172,716607,2388,1609,7425885,38917,2950348,56,118422706,932914
"2020-10-05",202233,330,20812,6287,1486,31434,407891,97210565,844187,2370,1515,7386968,37756,2933035,56,117489792,995060
"2020-10-04",201903,373,20729,6056,663,30063,406405,96366378,823033,2362,1485,7349212,37982,2909644,56,116494732,1033879
"2020-10-03",201530,743,20686,6073,1083,30209,405742,95543345,844923,2358,1501,7311230,50937,2895307,56,115460853,1113384
"2020-10-02",200787,844,20612,6194,1433,30877,404659,94698422,975103,2348,1533,7260293,49253,2871287,56,114347469,1261155
"2020-10-01",199943,859,20492,6263,1732,30951,403226,93723319,763481,2334,1547,7211040,45600,2858704,56,113086314,1021405
"2020-09-30",199084,1060,20390,6236,1638,31018,401494,92959838,676981,2319,1507,7165440,44346,2838664,56,112064909,932299
"2020-09-29",198024,732,20247,6181,1651,30583,399856,92282857,711210,2298,1495,7121094,36442,2811386,56,111132610,939900
"2020-09-28",197292,245,20121,6052,1223,29688,398205,91571647,912421,2285,1518,7084652,35883,2792677,56,110192710,1163464
"2020-09-27",197047,307,20050,6170,613,29579,396982,90659226,669417,2277,1511,7048769,34983,2764336,56,109029246,906676
"2020-09-26",196740,874,20002,6143,1197,29670,396369,89989809,886631,2272,1509,7013786,47407,2748595,56,108122570,1133407
"2020-09-25",195866,849,19919,6220,1320,29900,395172,89103178,876562,2264,1506,6966379,55186,2725475,56,106989163,1124064
"2020-09-24",195017,933,19555,6269,1495,30158,393852,88226616,802920,2177,1560,6911193,43343,2708310,56,105865099,1053996
"2020-09-23",194084,1159,19452,6203,1449,30021,392357,87423696,804579,2154,1544,6867850,38619,2670381,56,104811103,1030983
"2020-09-22",192925,859,19324,6196,1519,29658,390908,86619117,673704,2130,1562,6829231,49475,2645001,56,103780120,874914
"2020-09-21",192066,283,19353,6140,1103,28873,389389,85945413,636797,2116,1572,6779756,39137,2614069,56,102905206,775017
"2020-09-20",191783,324,19281,6100,525,28724,388286,85308616,788523,2112,1595,6740619,35504,2587314,56,102130189,977084
"2020-09-19",191459,751,19243,6163,1036,29185,387761,84520093,945675,2111,1577,6705115,44906,2575561,56,101153105,1184703
"2020-09-18",190708,901,19163,6175,1416,29652,386725,83574418,853055,2107,1608,6660209,47250,2556013,56,99968402,1106624
"2020-09-17",189807,878,19057,6278,1544,30007,385309,82721363,737466,2092,1658,6612959,43291,2538622,56,98861778,971030
"2020-09-16",188929,1184,18961,6308,1475,30362,383765,81983897,628536,2090,1651,6569668,40108,2523824,56,97890748,835616
"2020-09-15",187745,1040,18847,6310,1453,30447,382290,81355361,651999,2071,1572,6529560,34904,2493331,56,97055132,826661
"2020-09-14",186705,405,18748,6238,956,30045,380837,80703362,366688,2061,1507,6494656,33618,2476089,56,96228471,499002
"2020-09-13",186300,390,18692,6233,545,29921,379881,80336674,611857,2056,1562,6461038,34314,2448271,56,95729469,776011
"2020-09-12",185910,821,18648,6451,1132,30758,379336,79724817,809094,2051,1619,6426724,41865,2437110,56,94953458,1007047
"2020-09-11",185089,1014,18549,6379,1516,31529,378204,78915723,724107,2031,1715,6384859,44684,2416126,56,93946411,934382
"2020-09-10",184075,1156,18453,6531,1496,32536,376688,78191616,577344,2008,1925,6340175,37304,2401781,56,93012029,800627
"2020-09-09",182919,1092,18322,6646,1934,32647,375192,77614272,552261,1994,1903,6302871,31171,2385790,56,92211402,721089
"2020-09-08",181827,350,18189,6542,979,32345,373258,77062011,483429,1975,1879,6271700,22135,2357307,56,91490313,580749
"2020-09-07",181477,227,18156,6630,474,32116,372279,76578582,558855,1967,1879,6249565,28142,2331821,56,90909564,666758
"2020-09-06",181250,448,18125,6700,499,32497,371805,76019727,700038,1960,1912,6221423,32920,2314245,56,90242806,829418
"2020-09-05",180802,926,18089,6766,1187,33626,371306,75319689,761699,1956,1956,6188503,44743,2300418,56,89413388,968778
"2020-09-04",179876,1002,18012,6924,1227,34191,370119,74557990,849576,1943,1995,6143760,51511,2281748,56,88444610,1050818
"2020-09-03",178874,1071,17894,6921,1491,34747,368892,73708414,680038,1928,2042,6092249,44621,2265262,56,87393792,892673
"2020-09-02",177803,1032,17784,7087,1513,35667,367401,73028376,616999,1918,2024,6047628,30216,2230060,56,86501119,774234
"2020-09-01",176771,1019,17655,7090,1839,35334,365888,72411377,654672,1902,2042,6017412,42419,2201023,56,85726885,837045
"2020-08-31",175752,377,17537,7043,751,35423,364049,71756705,647110,1877,2077,5974993,31270,2183106,56,84889840,737091
"2020-08-30",175375,474,17439,7268,662,35801,363298,71109595,697322,1870,2055,5943723,39285,2152344,56,84152749,828256
"2020-08-29",174901,1015,17401,7413,1284,36516,362636,70412273,717934,1864,2062,5904438,43962,2139059,56,83324493,900041
"2020-08-28",173886,1024,17304,7558,1627,37351,361352,69694339,727988,1856,2086,5860476,46121,2116889,56,82424452,915839
"2020-08-27",172862,1128,17181,7717,1659,37529,359725,68966351,698585,1831,2125,5814355,43915,2099887,56,81508613,878172
"2020-08-26",171734,1297,17046,7737,1819,38501,358066,68267766,602184,1809,2142,5770440,43626,2083058,56,80630441,753763
"2020-08-25",170437,1145,16920,7863,1954,38842,356247,67665582,629365,1789,2163,5726814,36587,2052294,56,79876678,725665
"2020-08-24",169292,344,16787,7851,1075,38776,354293,67036217,639701,1764,2118,5690227,34249,2019310,56,79151013,724608
"2020-08-23",168948,574,16697,7949,698,39064,353218,66396516,585741,1737,2131,5655978,37324,1996283,56,78426405,711985
"2020-08-22",168374,1036,16657,8207,1598,40017,352520,65810775,709705,1736,2204,5618654,45722,1984053,56,77714420,888920
"2020-08-21",167338,1117,16563,8357,1767,41047,350922,65101070,701219,1730,2286,5572932,46195,1963656,56,76825500,879557
"2020-08-20",166221,1122,16487,8483,1975,42081,349155,64399851,629703,1716,2335,5526737,43723,1945468,56,75945943,826037
"2020-08-19",165099,1413,16377,8744,1996,43395,347180,63770148,646787,1705,2371,5483014,44882,1923539,56,75119906,800112
"2020-08-18",163686,1188,16123,8866,2227,43848,345184,63123361,614380,1695,2468,5438132,40491,1887869,56,74319794,737200
"2020-08-17",162498,409,15985,8871,1274,43596,342957,62508981,624196,1678,2447,5397641,37411,1864220,56,73582594,735892
"2020-08-16",162089,618,15924,8958,685,44155,341683,61884785,742013,1665,2481,5360230,42322,1831798,56,72846702,850356
"2020-08-15",161471,1226,15891,9087,1881,44922,340998,61142772,689392,1663,2526,5317908,55810,1817332,56,71996346,877262
"2020-08-14",160245,1220,15764,9277,2143,45860,339117,60453380,800395,1665,2549,5262098,57093,1795121,56,71119084,977131
"2020-08-13",159025,1164,15629,9487,2651,47322,336974,59652985,848520,1649,2579,5205005,51621,1773505,56,70141953,1020178
"2020-08-12",157861,1513,15524,9555,2988,48046,334323,58804465,437894,1629,2604,5153384,55894,1753994,56,69121775,560099
"2020-08-11",156348,1330,15331,9136,2599,48620,331335,58366571,698850,1612,2415,5097490,55428,1713812,56,68561676,805675
"2020-08-10",155018,430,15158,9216,1594,48761,328736,57667721,689946,1592,2533,5042062,41743,1669563,56,67756001,794618
"2020-08-09",154588,615,15081,9307,862,48997,327142,56977775,666501,1578,2507,5000319,50153,1655695,56,66961383,774970
"2020-08-08",153973,1084,15024,9662,1479,50071,326280,56311274,617176,1561,2566,4950166,53083,1641953,56,66186413,746085
"2020-08-07",152889,1331,14925,9691,7992,51301,324801,55694098,720537,1549,2617,4897083,60836,1622789,56,65440328,899958
"2020-08-06",151558,1237,14810,9994,2594,53221,316809,54973561,687923,1534,2718,4836247,53803,1597514,56,64540370,845011
"2020-08-05",150321,1355,14687,9986,2123,53444,314215,54285638,643406,1524,2719,4782444,52464,1576782,56,63695359,792567
"2020-08-04",148966,1244,14537,10207,4408,53440,312092,53642232,666958,1493,2701,4729980,51815,1528017,56,62902792,788525
"2020-08-03",147722,517,14370,10230,1606,53524,307684,52975274,686211,1463,2659,4678165,49348,1512439,56,62114267,800718
"2020-08-02",147205,494,14288,10415,831,54106,306078,52289063,643902,1448,2645,4628817,46511,1467653,56,61313549,756492
"2020-08-01",146711,1198,14227,10450,2366,54554,305247,51645161,676504,1445,2698,4582306,60245,1460930,56,60557057,831430
"2020-07-31",145513,1329,14044,10472,2533,55700,302881,50968657,657304,1437,2703,4522061,67530,1437182,56,59725627,994993
"2020-07-30",144184,1245,13875,10523,3279,56565,300348,50311353,735329,1415,2760,4454531,68805,1413102,56,58730634,898140
"2020-07-29",142939,1497,13744,10539,2868,57427,297069,49576024,764452,1400,2772,4385726,63941,1389701,56,57832494,915084
"2020-07-28",141442,1125,13559,10463,4051,57178,294201,48811572,712360,1372,2752,4321785,58984,1354538,56,56917410,861714
"2020-07-27",140317,1063,13412,10328,1671,58991,290150,48099212,701959,1356,2720,4262801,55013,1324925,56,56055696,823229
"2020-07-26",139254,560,13343,10353,1380,58731,288479,47397253,776755,1336,2723,4207788,60123,1296974,56,55232467,898258
"2020-07-25",138694,1009,13279,10380,1811,59382,287099,46620498,716726,1300,2729,4147665,64376,1278557,56,54334209,880691
"2020-07-24",137685,1180,13182,10395,3040,59808,285288,45903772,852820,1297,2711,4083289,74854,1260741,56,53453518,1007591
"2020-07-23",136505,1074,12933,10414,2378,59854,282248,45050952,768937,1280,2465,4008435,71225,1232403,56,52445927,921125
"2020-07-22",135431,1142,12790,10457,2246,59752,279870,44282015,731929,1258,2440,3937210,69346,1210067,56,51524802,907413
"2020-07-21",134289,1046,12629,6711,2510,59480,277624,43550086,680386,1242,2414,3867864,63625,1182158,56,50617389,818212
"2020-07-20",133243,375,12475,6557,1623,58509,275114,42869700,653991,1223,2403,3804239,56935,1159320,56,49799177,763414
"2020-07-19",132868,527,12393,6384,888,58052,273491,42215709,715902,1216,2362,3747304,63715,1130378,56,49035763,844150
"2020-07-18",132341,874,12342,6397,1976,57822,272603,41499807,688479,1211,2343,3683589,64422,1121981,56,48191613,861505
"2020-07-17",131467,942,12243,6452,2480,57894,270627,40811328,758135,1200,2353,3619167,76218,1106096,56,47330108,919306
"2020-07-16",130525,940,12091,6359,2195,57614,268147,40053193,758237,1175,2317,3542949,70449,1089922,56,46410802,914665
"2020-07-15",129585,859,12002,6317,2404,56312,265952,39294956,704403,1166,2317,3472500,65617,1075159,56,45496137,859286
"2020-07-14",128726,745,11857,6235,2212,55667,263548,38590553,703495,1154,2263,3406883,62734,1048400,56,44636851,819212
"2020-07-13",127981,330,11749,6074,1174,54156,261336,37887058,632899,1142,2259,3344149,57603,1031219,56,43817639,763967
"2020-07-12",127651,474,11679,5930,894,52860,260162,37254159,702220,1136,2182,3286546,60972,1005644,56,43053672,827309
"2020-07-11",127177,753,11612,5939,5070,51982,259268,36551939,632460,1128,2169,3225574,62324,994923,56,42226363,769696
"2020-07-10",126424,835,11523,5896,2207,51740,254198,35919479,745963,1118,2197,3163250,66824,982521,56,41456667,903144
"2020-07-09",125589,865,11370,5845,1654,44055,251991,35173516,652431,1138,2127,3096426,58959,968441,56,40553523,786324
"2020-07-08",124724,818,11303,5874,1888,43204,250337,34521085,578922,1103,2172,3037467,62736,952731,56,39767199,725585
"2020-07-07",123906,910,11177,5832,1936,41957,248449,33942163,582254,1084,2098,2974731,51742,935850,56,39041614,699557
"2020-07-06",122996,235,11058,5687,818,39970,246513,33359909,473004,1070,2105,2922989,41494,923481,56,38342057,643035
"2020-07-05",122761,207,11010,5653,582,38872,245695,32886905,626205,1064,2080,2881495,45167,901881,56,37699022,678210
"2020-07-04",122554,300,10977,5633,872,38281,245113,32260700,575143,1063,1982,2836328,54144,893652,56,37020812,673623
"2020-07-03",122254,602,10936,5597,1344,37927,244241,31685557,648802,1059,2049,2782184,53688,883025,56,36347189,743913
"2020-07-02",121652,699,10843,5626,1694,37627,242897,31036755,613444,1041,2105,2728496,53508,874530,56,35603276,725047
"2020-07-01",120953,696,10752,5512,1433,36569,241203,30423311,593506,1027,2098,2674988,51001,822580,56,34878229,682723
"2020-06-30",120257,580,10669,5424,1483,35335,239770,29829805,578183,1008,2044,2623987,47630,813219,56,34195506,670742
"2020-06-29",119677,338,10542,5380,734,33744,238287,29251622,613360,990,2011,2576357,39765,797723,56,33524764,683897
"2020-06-28",119339,273,10473,5252,547,32575,237553,28638262,541568,983,2077,2536592,41332,777667,56,32840867,612458
"2020-06-27",119066,503,10415,5314,1048,32566,237006,28096694,554458,977,2159,2495260,42893,771895,56,32228409,637474
"2020-06-26",118563,621,10334,5283,1546,31810,235958,27542236,563044,966,2075,2452367,44379,763402,56,31590935,761606
"2020-06-25",117942,647,10257,5320,1279,31926,234412,26979192,602840,951,2214,2407988,39681,756120,56,30829329,658610
"2020-06-24",117295,707,10173,5293,1255,31271,233133,26376352,491927,934,2248,2368307,39009,747031,56,30170719,525879
"2020-06-23",116588,722,10077,5402,1262,30394,231878,25884425,468011,918,2293,2329298,33885,738454,56,29644840,658292
"2020-06-22",115866,289,10002,5323,847,28954,230616,25416414,450285,909,2299,2295413,27179,731021,56,28986548,497532
"2020-06-21",115577,293,9944,5195,519,28325,229769,24966129,492466,904,2321,2268234,28848,712904,56,28489016,528099
"2020-06-20",115284,615,9908,5229,686,28084,229250,24473663,529679,888,2380,2239386,31951,708341,56,27960917,594922
"2020-06-19",114669,649,9876,5341,1587,28706,228564,23943984,559466,884,2434,2207435,30959,697556,56,27365995,624521
"2020-06-18",114020,685,9736,5464,1095,28521,226977,23384518,484106,869,2520,2176476,27089,690166,56,26741474,542900
"2020-06-17",113335,779,9665,5612,1081,28664,225882,22900412,466664,857,2588,2149387,23906,680432,56,26198574,531219
"2020-06-16",112556,718,9590,5570,1173,28386,224801,22433748,442884,845,2594,2125481,23268,671680,56,25667355,495235
"2020-06-15",111838,387,9516,5703,688,28026,223628,21990864,412838,835,2640,2102213,18654,664469,56,25172120,448106
"2020-06-14",111451,356,9466,5749,610,28020,222940,21578026,460733,834,2716,2083559,21333,649974,56,24724014,484344
"2020-06-13",111095,693,9430,5883,943,28578,222330,21117293,481992,830,2726,2062226,25245,644787,56,24239670,534684
"2020-06-12",110402,766,9373,6017,1380,29309,221387,20635301,592450,814,2734,2036981,23096,635522,56,23704986,602144
"2020-06-11",109636,898,9295,6074,1527,29844,220007,20042851,438708,792,2886,2013885,22071,628050,56,23102842,485509
"2020-06-10",108738,888,9225,6249,1237,30952,218480,19604143,411650,780,3020,1991814,20727,617695,56,22617333,458849
"2020-06-09",107850,891,9141,6457,1263,31187,217243,19192493,401933,771,3090,1971087,17151,609256,56,22158484,455634
"2020-06-08",106959,674,9013,6402,1095,31121,215980,18790560,377092,762,3240,1953936,17230,602715,56,21702850,411720
"2020-06-07",106285,446,8957,6501,655,31490,214885,18413468,406291,753,3298,1936706,18818,590504,56,21291130,422593
"2020-06-06",105839,714,8920,6762,982,31994,214230,18007177,521566,750,3476,1917888,22558,585047,56,20868537,566025
"2020-06-05",105125,837,8863,6920,1513,32499,213248,17485611,484077,740,3523,1895330,23066,575917,56,20302512,589196
"2020-06-04",104288,881,8787,7057,-2849,32814,211735,17001534,444547,723,3665,1872264,20383,569233,56,19713316,502028
"2020-06-03",103407,974,8688,7227,2145,33237,214584,16556987,451466,717,3749,1851881,20155,556949,56,19211288,477333
"2020-06-02",102433,973,8566,7407,1736,33950,212439,16105521,399574,710,3852,1831726,20155,541613,56,18733955,443448
"2020-06-01",101460,680,8485,7591,2858,34316,210703,15705947,389205,704,3950,1811571,20362,535950,56,18290507,414704
"2020-05-31",100780,653,8445,7626,896,34911,207845,15316742,375413,704,3669,1791209,21392,522456,56,17875803,423904
"2020-05-30",100127,925,8305,7956,1425,35735,206949,14941329,402887,698,4004,1769817,23437,494308,56,17451899,447976
"2020-05-29",99202,1171,8235,8174,1565,36948,205524,14538442,467472,689,4032,1746380,23588,484191,56,17003923,516701
"2020-05-28",98031,1238,8109,8389,1596,38003,203959,14070970,421569,676,4080,1722792,22659,477794,56,16487222,469032
"2020-05-27",96793,1335,8015,8547,1563,38297,202363,13649401,286701,666,4222,1700133,19411,391223,56,16018190,420063
"2020-05-26",95458,665,7899,8585,17287,37775,200800,13362700,287429,650,4215,1680722,16978,384609,56,15598127,315712
"2020-05-25",94793,555,7847,8467,901,37711,183513,13075271,409673,642,4237,1663744,18531,378892,56,15282415,423707
"2020-05-24",94238,689,7801,8485,1027,37757,182612,12665598,350629,639,4383,1645213,18860,366510,56,14858708,360995
"2020-05-23",93549,1038,7770,8733,1383,38581,181585,12314969,375490,638,4620,1626353,22365,361116,56,14497713,425902
"2020-05-22",92511,1291,7689,9049,3945,40014,180202,11939479,383111,633,4716,1603988,24173,349936,56,14071811,413349
"2020-05-21",91220,1377,7412,9090,4547,41347,176257,11556368,439808,616,4868,1579815,26742,298183,56,13658462,497331
"2020-05-20",89843,1399,7319,9521,1759,41871,171710,11116560,392713,613,4911,1553073,21259,294133,56,13161131,444295
"2020-05-19",88444,1318,7217,9598,1549,42023,169951,10723847,379946,606,5032,1531814,20882,289283,56,12716836,402676
"2020-05-18",87126,855,7064,9754,1133,41921,168402,10343901,334147,602,5257,1510932,20844,282949,56,12314160,362697
"2020-05-17",86271,873,7003,9934,1130,42022,167269,10009754,350914,593,5467,1490088,20152,272009,56,11951463,353066
"2020-05-16",85398,1237,6945,10278,1798,43507,166139,9658840,336869,592,5529,1469936,23586,268206,56,11598397,377589
"2020-05-15",84161,1535,6890,10484,1313,44551,164341,9321971,335441,589,5746,1446350,25422,250665,56,11220808,403624
"2020-05-14",82626,1852,6795,10655,3162,45924,163028,8986530,338429,582,5940,1420928,26713,246231,56,10817184,387919
"2020-05-13",80774,1734,6713,10990,1791,46918,159866,8648101,301615,572,6156,1394215,21628,243359,56,10429265,335701
"2020-05-12",79040,1506,6585,11240,1483,47344,158075,8346486,288723,559,6352,1372587,22558,238863,56,10093564,329700
"2020-05-11",77534,894,6488,11148,1369,46550,156592,8057763,357001,551,6350,1350029,18298,232012,56,9763864,386281
"2020-05-10",76640,1032,6445,11393,1048,46760,155223,7700762,244495,547,6395,1331731,20890,215479,56,9377583,271934
"2020-05-09",75608,1456,6367,11496,1669,48561,154175,7456267,270642,543,6551,1310841,25180,211899,56,9105649,311220
"2020-05-08",74152,1781,6294,11780,6240,49758,152506,7185625,272051,531,6788,1285661,27159,198423,56,8794429,308393
"2020-05-07",72371,2752,5174,12136,4176,51425,146266,6913574,274260,529,7070,1258502,27227,194375,56,8486036,318401
"2020-05-06",69619,1916,4911,12478,2159,52581,142090,6639314,225939,449,4753,1231275,25143,189399,56,8167635,280131
"2020-05-05",67703,2494,4794,12628,1936,53176,139931,6413375,247678,439,4818,1206132,22510,189316,56,7887504,277452
"2020-05-04",65209,1028,4579,12696,1772,52377,137995,6165697,209837,430,4848,1183622,22501,186670,56,7610052,237720
"2020-05-03",64181,1243,4502,12720,1854,52619,136223,5955860,209546,425,4761,1161121,25540,179614,56,7372332,233929
"2020-05-02",62938,1531,4386,12905,1986,54009,134369,5746314,217099,375,4845,1135581,29034,174886,56,7138403,273475
"2020-05-01",61407,1808,4300,12845,9878,54862,132383,5529215,266135,376,4707,1106547,32802,163554,56,6864928,285384
"2020-04-30",59599,2153,4192,13255,2376,54921,122505,5263080,203587,373,4712,1073745,29971,154587,56,6579544,268669
"2020-04-29",57446,2685,4093,13535,2961,55987,120129,5059493,213057,365,4796,1043774,26226,147234,56,6310875,254269
"2020-04-28",54761,2077,3798,13562,2006,56034,117168,4846436,183429,252,4760,1017548,25372,139080,56,6056606,215194
"2020-04-27",52684,1287,3720,13812,2243,56183,115162,4663007,169886,252,4867,992176,22595,121464,56,5841412,199734
"2020-04-26",51397,1222,2571,14104,2209,56149,112919,4493121,179153,227,5121,969581,27058,116565,56,5641678,205882
"2020-04-25",50175,1627,2516,14415,2305,57343,110710,4313968,235498,227,5266,942523,35651,112603,56,5435796,276189
"2020-04-24",48548,1972,2468,14605,2372,57324,108405,4078470,204270,227,5187,906872,34274,103423,56,5159607,244006
"2020-04-23",46576,1814,2428,14744,2827,59216,106033,3874200,167488,227,5464,872598,31970,96947,56,4915601,208320
"2020-04-22",44762,2082,2370,15013,3097,59212,103206,3706712,294645,227,5474,840628,29136,92996,56,4707281,342073
"2020-04-21",42680,2481,2315,14941,2733,59773,100109,3412067,128793,214,5514,811492,26213,72870,56,4365208,168370
"2020-04-20",40199,1815,2193,14463,2311,56734,97376,3283274,119449,214,5567,785279,26105,69507,56,4196838,148265
"2020-04-19",38384,1763,2145,14385,2162,56497,95065,3163825,127137,214,5603,759174,27279,67227,56,4048573,151406
"2020-04-18",36621,1891,2096,14769,3449,57788,92903,3036688,118084,205,5729,731895,27826,62923,56,3897167,158427
"2020-04-17",34730,2118,2052,14890,3366,58886,89454,2918604,125452,187,6096,704069,31982,53562,56,3738740,165504
"2020-04-16",32612,2197,1834,15130,3165,59498,86088,2793152,134794,176,5940,672087,31577,48851,56,3573236,177193
"2020-04-15",30415,2546,1783,14646,3510,59924,82923,2658358,108511,223,6032,640510,29859,43448,56,3396043,147969
"2020-04-14",27869,2353,1715,14039,3174,59600,79413,2549847,126182,221,5975,610651,26078,39304,56,3248074,162621
"2020-04-13",25516,1630,1622,13620,4480,56237,76239,2423665,107474,208,6168,584573,24398,35381,56,3085453,130932
"2020-04-12",23886,1700,1449,13620,3331,55449,71759,2316191,111132,158,5968,560175,28001,34081,56,2954521,137974
"2020-04-11",22186,2079,1399,13285,3747,55557,68428,2205059,110160,152,5978,532174,31105,31567,56,2816547,141237
"2020-04-10",20107,2072,1179,12693,4909,53167,64681,2094899,118212,39,5937,501069,33489,29015,56,2675310,158293
"2020-04-09",18035,2062,918,12450,3831,51313,59772,1976687,139997,39,5794,467580,35090,24835,56,2517017,174533
"2020-04-08",15973,1997,862,10337,4321,45515,55941,1836690,119133,39,4131,432490,30917,21132,56,2342484,160208
"2020-04-07",13976,2044,738,9978,2997,43849,51620,1717557,122368,43,4076,401573,30701,18481,56,2182276,158619
"2020-04-06",11932,1313,663,7079,2943,36159,48623,1595189,121910,39,2961,370872,28409,16557,56,2023657,147448
"2020-04-05",10619,1339,609,5811,3937,32180,45680,1473279,94604,39,652,342463,25655,14589,56,1876209,121908
"2020-04-04",9280,1481,403,5500,5012,30268,41743,1378675,195398,39,656,316808,32885,12844,56,1754301,230651
"2020-04-03",7799,1285,335,4928,4603,25777,36731,1183277,100552,39,623,283923,31838,10861,56,1523650,136733
"2020-04-02",6514,1178,305,4513,4198,22997,32128,1082725,93116,32,574,252085,28045,8586,56,1386917,123212
"2020-04-01",5336,1004,256,3937,4134,20906,27930,989609,83448,32,561,224040,26116,7084,56,1263705,114960
"2020-03-31",4332,907,230,3487,3998,18155,23796,906161,87930,,507,197924,25184,5666,56,1148745,114582
"2020-03-30",3425,588,187,3087,2472,15917,19798,818231,95634,,451,172740,21470,4560,56,1034163,114226
"2020-03-29",2837,504,156,2456,2794,14055,17326,722597,65412,,439,151270,19444,4076,56,919937,79327
"2020-03-28",2333,551,140,2174,2409,12409,14532,657185,97762,,390,131826,19606,3145,56,840610,101478
"2020-03-27",1782,408,124,1792,2572,10978,12123,559423,77275,,324,112220,19244,2418,56,739132,95630
"2020-03-26",1374,316,91,1299,2478,7805,9551,482148,86516,,258,92976,17734,97,56,643502,108279
"2020-03-25",1058,238,74,,1949,5140,7073,395632,70882,,167,75242,12891,146,56,535223,91579
"2020-03-24",820,238,,,1178,3938,5124,324750,59562,,,62351,10749,,56,443644,73458
"2020-03-23",582,101,,,920,2812,3946,265188,46432,,,51602,11435,,56,370186,58006
"2020-03-22",481,146,,,1005,2173,3026,218756,35698,,,40167,9154,,56,312180,49669
"2020-03-21",335,62,,,1849,1492,2021,183058,40052,,,31013,6816,,56,262511,51367
"2020-03-20",273,70,,,44,1042,172,143006,29766,,,24197,6112,,56,211144,44131
"2020-03-19",203,48,,,34,617,128,113240,23147,,,18085,4700,,56,167013,34132
"2020-03-18",155,31,,,18,416,94,90093,18756,,,13385,3364,,56,132881,28259
"2020-03-17",124,24,,,33,325,76,71337,16411,,,10021,2249,,56,104622,24247
"2020-03-16",100,21,,,6,,43,54926,19511,,,7772,1857,,56,80375,24384
"2020-03-15",79,15,,,10,,37,35415,6078,,,5915,1188,,51,55991,9289
"2020-03-14",64,8,,,4,,27,29337,5250,,,4727,982,,51,46702,8912
"2020-03-13",56,5,,,6,,23,24087,6210,,,3745,949,,51,37790,9340
"2020-03-12",51,8,,,5,,17,17877,5304,,,2796,743,,51,28450,6625
"2020-03-11",43,6,,,3,,12,12573,3808,,,2053,502,,51,21825,4589
"2020-03-10",37,2,,,0,,9,8765,2621,,,1551,439,,51,17236,3167
"2020-03-09",35,4,,,3,,9,6144,1802,,,1112,285,,51,14069,2141
"2020-03-08",31,4,,,0,,6,4342,910,,,827,196,,51,11928,1165
"2020-03-07",27,1,,,0,,6,3432,714,,,631,134,,51,10763,962
"2020-03-06",26,6,,,1,,6,2718,775,,,497,130,,39,9801,953
"2020-03-05",20,4,,,1,,5,1943,546,,,367,88,,30,8848,670
"2020-03-04",16,2,,,4,,4,1397,951,,,279,134,,24,8178,1013
"2020-03-03",14,3,,,0,,,446,203,,,145,51,,13,7165,292
"2020-03-02",11,3,,,0,,,243,158,,,94,44,,11,6873,212
"2020-03-01",8,3,,,0,,,85,61,,,50,32,,10,6661,109
"2020-02-29",5,1,,,0,,,24,24,,,18,18,,7,6552,62
"2020-02-28",4,2,,,0,,,0,0,,,0,0,,7,6490,3
"2020-02-27",2,0,,,0,,,0,0,,,0,0,,7,6487,6446
"2020-02-26",2,2,,,0,,,0,0,,,0,0,,5,41,0
"2020-02-25",0,0,,,0,,,0,0,,,0,0,,5,41,1
"2020-02-24",0,0,,,0,,,0,0,,,0,0,,5,40,2
"2020-02-23",0,0,,,0,,,0,0,,,0,0,,5,38,0
"2020-02-22",0,0,,,0,,,0,0,,,0,0,,5,38,1
"2020-02-21",0,0,,,0,,,0,0,,,0,0,,5,37,1
"2020-02-20",0,0,,,0,,,0,0,,,0,0,,5,36,1
"2020-02-19",0,0,,,0,,,0,0,,,0,0,,5,35,6
"2020-02-18",0,0,,,0,,,0,0,,,0,0,,5,29,0
"2020-02-17",0,0,,,0,,,0,0,,,0,0,,5,29,1
"2020-02-16",0,0,,,0,,,0,0,,,0,0,,5,28,2
"2020-02-15",0,0,,,0,,,0,0,,,0,0,,5,26,4
"2020-02-14",0,0,,,0,,,0,0,,,0,0,,4,22,0
"2020-02-13",0,0,,,0,,,0,0,,,0,0,,4,22,1
"2020-02-12",0,0,,,0,,,0,0,,,0,0,,4,21,1
"2020-02-11",0,0,,,0,,,0,0,,,0,0,,4,20,1
"2020-02-10",0,0,,,0,,,0,0,,,0,0,,4,19,1
"2020-02-09",,0,,,0,,,0,0,,,0,0,,3,18,0
"2020-02-08",,0,,,0,,,0,0,,,0,0,,3,18,2
"2020-02-07",,0,,,0,,,0,0,,,0,0,,3,16,0
"2020-02-06",,0,,,0,,,0,0,,,0,0,,3,16,1
"2020-02-05",,0,,,0,,,0,0,,,0,0,,3,15,0
"2020-02-04",,0,,,0,,,0,0,,,0,0,,3,15,4
"2020-02-03",,0,,,0,,,0,0,,,0,0,,3,11,3
"2020-02-02",,0,,,0,,,0,0,,,0,0,,3,8,0
"2020-02-01",,0,,,0,,,0,0,,,0,0,,3,8,0
"2020-01-31",,0,,,0,,,0,0,,,0,0,,3,8,3
"2020-01-30",,0,,,0,,,0,0,,,0,0,,3,5,0
"2020-01-29",,0,,,0,,,0,0,,,0,0,,3,5,2
"2020-01-28",,0,,,0,,,0,0,,,0,0,,2,3,0
"2020-01-27",,0,,,0,,,0,0,,,0,0,,2,3,1
"2020-01-26",,0,,,0,,,0,0,,,0,0,,2,2,0
"2020-01-25",,0,,,0,,,0,0,,,0,0,,2,2,0
"2020-01-24",,0,,,0,,,0,0,,,0,0,,2,2,0
"2020-01-23",,0,,,0,,,0,0,,,0,0,,2,2,1
"2020-01-22",,0,,,0,,,0,0,,,0,0,,2,1,0